index_number,failures,total_excess_load
1,26.0,472.903495915975
10,26.0,573.0481972912031
10,26.0,474.368545542124
100,27.0,486.0694796509593
1000,25.0,713.9741586984794
1001,26.0,477.19934883083437
1002,26.0,477.6312293437197
1003,27.0,521.8213800663553
1004,26.0,477.1915301657625
1005,26.0,482.0087480678263
1007,26.0,477.4142414685364
1007,26.0,477.38280176242256
1008,26.0,477.6954762845427
1009,26.0,453.9128549548467
101,26.0,486.7762867691971
1010,26.0,477.0548761818685
1011,27.0,528.1562077005611
1012,28.0,513.4860267996717
1013,26.0,494.6084420986604
1014,26.0,495.7339252032711
1015,27.0,527.4795553015462
1016,26.0,494.58724762762705
1017,N/A,N/A
1018,26.0,472.97792213811937
1019,26.0,472.78685455155426
102,26.0,477.3689305609205
1020,26.0,478.65141846259394
1021,26.0,458.5463687605179
1022,26.0,477.60261740778355
1023,26.0,477.3022835706864
1024,26.0,477.3942921725784
1025,26.0,477.15203079744686
1026,26.0,476.7001710408632
1027,26.0,476.6183371018078
1028,27.0,539.7766329173784
1029,27.0,539.7748047846616
103,26.0,476.57448847263345
1030,26.0,479.05290019797025
1031,26.0,477.7993860050366
1032,26.0,477.0643582178275
1033,26.0,477.1080506263215
1034,26.0,471.67968699239395
1035,26.0,449.9824622222112
1036,26.0,471.7950800878657
1037,26.0,476.6538178904728
1038,26.0,478.0447390051335
1039,26.0,477.0783953687388
104,26.0,476.69749856435675
1040,26.0,476.67982916031485
1041,26.0,476.99146396650144
1042,27.0,484.62772794907073
1043,27.0,484.6277279486905
1044,26.0,478.4161301076816
1045,28.0,504.79741289574383
1046,26.0,480.1046763423294
1047,26.0,476.65736854117614
1048,26.0,476.8457465166849
1049,26.0,435.04641183689637
105,26.0,476.6379717975898
1050,26.0,476.84449044561154
1051,26.0,444.8079824499084
1052,26.0,476.8441830072126
1053,26.0,472.5997572173246
1054,26.0,474.8389614238369
1055,26.0,476.7146804642582
1056,26.0,476.3297970392589
1057,26.0,476.32598754583216
1058,27.0,473.4042513780064
1059,26.0,479.85823046546244
106,27.0,506.5269920041191
1060,28.0,548.0458463303651
1061,26.0,477.3756103388745
1062,26.0,477.7989060884742
1063,26.0,483.4907318456446
1064,26.0,480.7303642970245
1065,26.0,477.30023615062584
1066,26.0,477.2792896750537
1067,N/A,N/A
1068,26.0,477.30187929121996
1069,26.0,477.61129570638695
107,26.0,423.9432954723676
1070,26.0,419.44712420048614
1071,26.0,482.9953323176992
1072,26.0,484.9793571045135
1073,26.0,484.7684558940287
1074,26.0,517.3795511150213
1075,26.0,479.0744693438181
1076,26.0,485.10204048664264
1077,26.0,484.7745316079939
1078,26.0,517.4190914643806
1079,26.0,479.1327754525059
108,26.0,478.4915400727207
1080,26.0,440.5403807676471
1081,26.0,466.8072000899797
1082,26.0,452.50676631996953
1083,26.0,476.64312746460536
1084,26.0,476.64392927190835
1085,26.0,476.6489820390892
1086,26.0,476.80546692682225
1087,26.0,477.59062937771006
1089,26.0,489.4208119333921
109,26.0,504.4931864801562
1090,26.0,476.59429365108247
1091,26.0,476.600191513081
1092,26.0,476.6480680090219
1093,26.0,476.9580605354799
1094,26.0,477.7026353486483
1095,26.0,477.64211943208267
1096,26.0,477.6151631459999
1097,26.0,439.8822236899548
1097,26.0,477.2554605000693
1098,26.0,476.70524470228844
1099,26.0,477.6394637827816
11,27.0,576.8816103184179
110,27.0,576.6305493174565
1100,26.0,469.51962829776744
1101,26.0,476.58423665267105
1102,26.0,490.4304075868402
1103,26.0,476.7491101438554
1104,26.0,476.7059634667448
1105,26.0,476.97744214538443
1106,26.0,476.59412173449243
1107,26.0,476.67192760195314
1108,26.0,508.91829612412033
1109,27.0,523.6641445966636
111,27.0,466.85233433289676
1110,27.0,465.65936955687135
1111,26.0,474.1733483743086
1112,25.0,471.1331552595525
1113,26.0,491.28244181108187
1114,26.0,476.94448774803766
1115,26.0,476.69833241778525
1116,26.0,476.56031136300624
1117,27.0,462.77849781905275
1118,27.0,463.69991367021447
1119,27.0,513.8676439538901
112,26.0,470.62622492083284
1120,26.0,469.76778675946707
1121,26.0,461.8743685306532
1122,26.0,467.55713990332396
1123,26.0,470.7801034801056
1124,26.0,476.86316288892317
1125,26.0,476.79956968756585
1126,26.0,476.77252947643717
1127,26.0,450.1973916106655
1128,26.0,476.97576699525587
1129,26.0,476.7476237801766
113,26.0,477.54333411830714
1130,26.0,460.04985495797774
1131,26.0,477.5410474601759
1132,26.0,483.05731191499206
1133,26.0,478.0139695709738
1134,26.0,476.8945712455085
1135,26.0,478.5964081675188
1136,26.0,479.5557572817517
1137,26.0,477.43735275341083
1138,26.0,399.5363270242789
1139,26.0,471.61209353409276
114,26.0,481.34181029976173
1140,26.0,477.51165317851604
1141,26.0,498.4201778267019
1142,26.0,498.41917685209705
1143,26.0,473.82604768438887
1144,26.0,469.12816840710695
1145,26.0,478.07840922870133
1146,29.0,1361.9332260356
1147,26.0,481.7618936632073
1148,26.0,481.5956579258612
1149,26.0,481.7618936630095
115,26.0,481.3297155482759
1150,30.0,1407.6804660678868
1151,30.0,1405.6739927992417
1152,26.0,476.7193871983222
1153,25.0,473.84952970911894
1154,26.0,478.0481135760631
1155,26.0,474.5398574141774
1156,26.0,451.80029466451117
1157,26.0,466.71052486810186
1158,26.0,435.76644686835743
1159,26.0,479.51404420185065
116,27.0,512.0843548263831
1160,26.0,477.47338212527285
1161,26.0,477.15710641204333
1162,26.0,485.45499028639915
1163,26.0,485.9803885000062
1164,27.0,469.6133121190251
1165,27.0,467.8310269102205
1166,26.0,458.25414600333517
1167,26.0,476.7818651238205
1168,26.0,476.77665047350143
1169,26.0,479.1935328794943
117,26.0,482.58336597748723
1170,26.0,484.13539493484893
1171,27.0,487.34790441734003
1172,26.0,462.29320203967035
1173,27.0,554.7366186181985
1174,27.0,547.7503971364798
1175,36.0,2263.5025654650162
1176,26.0,478.8115392074963
1177,26.0,492.2560883148274
1178,26.0,477.4010557241277
1179,26.0,496.2218137114086
118,26.0,479.6133150867256
1180,34.0,1786.8544319266566
1181,26.0,480.6498028717001
1182,26.0,491.2636447747675
1183,26.0,477.3191530731579
1184,26.0,494.57913218637367
1185,26.0,477.5013655813924
1186,34.0,1819.845941551481
1187,28.0,777.3919357785313
1188,26.0,470.0236393658314
1189,26.0,472.6715405323861
119,26.0,477.69176029385
1190,26.0,476.58232678588263
1191,26.0,439.47073008652717
1192,24.0,481.45577106240614
1193,26.0,477.21907204775067
1194,26.0,465.2530395642135
1195,26.0,466.19107437117486
1196,26.0,454.88581618658856
1197,26.0,482.3604311528237
1198,26.0,447.22892637569237
1199,26.0,477.0807563257006
12,26.0,476.6918826786329
120,26.0,447.2578646069525
1200,26.0,450.37821448978934
1201,26.0,475.75057718640016
1202,26.0,476.5105690172761
1203,26.0,482.91852070594206
1204,26.0,442.63343391442976
1205,27.0,523.1716437705221
1206,27.0,416.3818109382541
1207,26.0,484.45299379900644
1208,28.0,563.635874965053
1209,26.0,478.5195675191306
121,26.0,503.01189814949134
1210,28.0,558.2698737402648
1211,26.0,478.51895439757425
1212,26.0,485.547246977652
1213,26.0,452.83879764105393
1214,26.0,454.2791002893648
1215,26.0,478.48705456967764
1216,26.0,481.48609652253697
1217,26.0,477.23984476775087
1218,26.0,479.8650284315762
1219,26.0,476.9852969335178
122,26.0,476.9511753333649
1220,26.0,476.8584038495401
1221,26.0,476.7783723812084
1222,26.0,432.92353708606333
1223,26.0,476.59632914513435
1224,26.0,476.67733668029564
1225,26.0,476.8369312521405
1226,27.0,581.3016002844938
1227,26.0,476.67708549028134
1228,27.0,581.3317606825931
1229,26.0,478.63573416469444
123,26.0,478.8765312783074
1230,26.0,476.6545380390928
1231,26.0,478.6605213262351
1232,26.0,479.1027710633806
1233,28.0,775.9584921148571
1234,26.0,485.66736914975877
1235,26.0,476.74034827451885
1236,27.0,488.04680178793285
1237,28.0,488.38795114715435
1238,27.0,488.3121185530583
1239,27.0,488.29954454293403
124,27.0,487.76071774202023
1240,26.0,477.71279522484275
1241,26.0,476.72598955500166
1242,27.0,488.55861493998304
1243,26.0,477.85504979217194
1244,29.0,1329.1895452835654
1245,29.0,1371.3306746048277
1246,30.0,1377.2888944710933
1247,29.0,1326.2555769361295
1248,26.0,462.51369495344983
1249,26.0,488.41237546128644
125,26.0,483.6963002493849
1250,28.0,736.2396290748252
1251,26.0,487.74212376171056
1252,26.0,478.25380887478406
1253,26.0,477.7719425907785
1254,26.0,476.8847186715491
1255,27.0,455.9180982951686
1256,27.0,519.9021152754832
1257,26.0,478.0044791088246
1258,26.0,476.5919721379989
1259,28.0,612.6851783103414
126,26.0,476.89401415405246
1260,26.0,478.68267676539966
1261,26.0,477.7093539984125
1262,26.0,477.1244453923869
1263,26.0,472.15055588709356
1264,26.0,485.19890510702044
1265,28.0,474.85413381616297
1266,26.0,477.1258254162309
1267,26.0,475.25683545198297
1268,27.0,491.5762585841909
1269,26.0,479.2426383871737
127,26.0,478.81237007658973
1270,27.0,491.64439182390424
1271,26.0,463.2596708215361
1272,26.0,461.54760497342727
1273,26.0,478.2089930435948
1274,26.0,476.85965999957307
1275,26.0,476.5917599395254
1276,26.0,476.5913897558323
1277,26.0,456.537234332621
1278,26.0,460.0359990803189
1279,24.0,465.05969010463264
128,24.0,458.9244230316412
1280,26.0,463.2253922195856
1281,28.0,481.93057452228607
1282,26.0,477.90110578380103
1283,26.0,481.52491381771574
1284,27.0,477.39401186682113
1285,26.0,475.4574000831827
1286,28.0,477.43270871715526
1287,27.0,493.4382359128466
1288,27.0,585.0585030923013
1289,26.0,476.63619324486143
129,27.0,574.072702832583
1290,26.0,476.61796677730496
1291,27.0,496.5430580386822
1292,27.0,487.66411019808265
1293,26.0,485.0384386760886
1294,27.0,487.6541519942691
1295,26.0,484.55432989557886
1296,26.0,484.54723203902324
1297,26.0,462.6802665425492
1298,26.0,477.5125347819436
1299,26.0,477.76773672713335
13,26.0,476.57945686659446
130,26.0,476.56267192562814
1300,26.0,476.56267192562814
1301,26.0,480.0822276593622
1302,26.0,447.8719898222834
1303,26.0,477.09741073043546
1304,26.0,498.9549879237022
1305,26.0,459.47585037465285
1306,26.0,476.9322889914073
1307,26.0,476.62979109464453
1308,26.0,477.448094346109
1309,26.0,479.04672975882784
131,26.0,464.1575687882097
1310,26.0,478.95021768157306
1311,26.0,476.6458405624281
1312,26.0,476.6125919233245
1313,27.0,487.91328154231815
1314,28.0,510.0945287341514
1315,26.0,500.3130513083927
1316,26.0,467.73331881907063
1317,26.0,480.8981641956199
1318,26.0,459.3089276318178
1319,26.0,450.1489372888551
132,26.0,476.7751273652047
1320,26.0,476.5253184680277
1321,26.0,476.65295049263256
1322,29.0,1232.9707339603883
1323,29.0,1236.9881446866295
1324,29.0,1209.4261604804499
1325,29.0,1201.5160622667827
1326,26.0,457.0163316444119
1327,26.0,477.3370216640658
1328,26.0,477.3850294623701
1329,26.0,433.15146122555984
133,27.0,729.5405527984649
1330,27.0,730.1743573605335
1331,26.0,478.8891968778349
1332,27.0,511.06915756009863
1333,27.0,511.06915756009863
1334,27.0,500.7463906269978
1335,26.0,442.6057528320513
1336,26.0,477.5272621837394
1337,26.0,481.02416594593313
1338,26.0,484.72949868757297
1339,26.0,478.28090404337377
134,27.0,484.3432364444476
1340,26.0,477.38100980403556
1341,26.0,475.9392244335937
1342,26.0,477.5015357951013
1343,26.0,477.23317801589985
1344,26.0,476.70567482884985
1345,26.0,476.81054679617637
1346,26.0,478.36218646603214
1347,26.0,476.9308016227536
1348,26.0,477.33493378896344
1349,26.0,477.36549215155935
135,26.0,474.23675403518735
1350,26.0,479.7587953730555
1351,26.0,477.1653248668721
1352,26.0,478.00758389758073
1353,26.0,477.03403159539073
1354,26.0,478.32057583238645
1355,26.0,477.0278171415452
1356,26.0,478.3141779931494
1357,27.0,484.94870984850235
1358,27.0,484.9502337595859
1359,26.0,476.71117604022385
136,26.0,451.654679684397
1360,26.0,482.42626894082304
1361,26.0,480.75418683898005
1362,26.0,477.0625654107862
1363,27.0,482.96679305083495
1364,26.0,476.57401845139765
1365,26.0,469.76709154374817
1366,26.0,476.7879455235609
1367,26.0,447.1271936845237
1368,26.0,455.7700226206743
1369,26.0,534.9006139496746
137,26.0,523.8628364616548
1370,26.0,476.4792178611229
1371,26.0,495.3810113244855
1372,26.0,491.0166183526873
1373,26.0,474.87323766369366
1374,27.0,527.6720415416753
1375,28.0,555.7617678844158
1376,26.0,529.4809654183025
1377,27.0,534.3542936525881
1378,27.0,534.7358473683681
1379,25.0,397.6118687381351
138,N/A,N/A
1380,26.0,496.6409443383578
1381,26.0,476.54257717561177
1382,27.0,458.93533602889806
1383,27.0,472.8623194146903
1384,26.0,476.6145910268125
1385,26.0,476.6349309562609
1386,26.0,468.07156078824255
1387,26.0,469.7760491108969
1388,26.0,475.1671522929893
1389,26.0,495.44652533264417
139,N/A,N/A
1390,26.0,480.42130900298895
1391,26.0,480.19093208085906
1392,N/A,N/A
1393,26.0,477.6155486206035
1394,26.0,477.6784634576866
1395,N/A,N/A
1396,N/A,N/A
1397,26.0,477.1059152339102
1398,26.0,486.257990080004
1399,26.0,481.44575673171033
14,26.0,420.3217360614217
140,26.0,451.0333567389799
1400,26.0,472.63665768305145
1401,26.0,475.79897731883045
1402,26.0,475.43043264581496
1403,26.0,474.7652025771511
1404,26.0,476.85521893495223
1405,26.0,479.25492762353116
1406,26.0,476.94452172421575
1407,26.0,481.3093062793795
1408,26.0,447.3262448404784
1409,26.0,481.8231420426877
141,26.0,459.9674610858783
1410,26.0,424.57844947190085
1411,26.0,444.76134399874513
1412,26.0,479.4621626192222
1413,N/A,N/A
1414,26.0,457.2259724150258
1415,38.0,2250.39974945654
1416,38.0,2271.399489532558
1417,26.0,449.1727914174554
1418,26.0,418.4442247895943
1419,26.0,477.25859133910564
142,26.0,476.70632841752314
1420,26.0,476.74618648318005
1421,26.0,477.46215548176116
1422,26.0,482.2512702789176
1423,26.0,484.56703829304956
1424,26.0,482.2625790563407
1425,26.0,484.5822117122331
1426,26.0,482.8013408398611
1427,26.0,478.51202930679614
1428,26.0,477.10020624270754
1429,26.0,476.4678878021979
143,26.0,478.98658690581925
1430,26.0,476.3736621985993
1431,26.0,476.6752687649911
1432,26.0,478.7783096173838
1433,26.0,478.4732146979402
1434,26.0,478.61812619511363
1435,26.0,487.69275600270015
1436,26.0,476.450054119975
1437,26.0,486.77557355433737
1438,26.0,476.43670180947436
1439,26.0,476.84428204398046
144,26.0,476.84428204398046
1440,26.0,477.55968194493096
1441,26.0,479.2876428593423
1442,26.0,474.85620805268036
1443,27.0,535.5647321078444
1444,27.0,480.24627118871194
1445,28.0,520.8602993548602
1446,26.0,476.8949565005262
1447,29.0,515.2730752765306
1448,26.0,476.95010585586687
1449,27.0,481.0275531025492
145,28.0,520.8390929380472
1450,26.0,477.4113246909803
1451,29.0,515.2902552304863
1452,25.0,477.52063309982066
1453,25.0,477.49246051709434
1454,26.0,476.9565156416281
1455,26.0,477.6919331510113
1456,26.0,477.3273526619223
1457,26.0,477.7065781456314
1458,26.0,480.9357318683846
1459,26.0,480.9813837830697
146,26.0,476.8367555903416
1460,26.0,477.00302316033475
1461,N/A,N/A
1462,26.0,475.9332055571459
1463,26.0,475.9332055571459
1464,26.0,477.7288583010062
1465,26.0,478.0098507295053
1466,25.0,476.89293500946513
1467,26.0,481.345909457008
1468,26.0,478.0098507300774
1469,25.0,476.8914352651823
147,26.0,444.1930322904409
1470,26.0,465.1752277008243
1471,26.0,476.9745229428669
1472,26.0,427.4808591260297
1473,26.0,463.76153432515537
1474,26.0,476.90226069920794
1475,26.0,477.6351064027834
1476,28.0,579.2587168718758
1477,28.0,543.2163376360297
1478,26.0,478.71022956714654
1479,27.0,500.67440714218895
148,28.0,574.4641707801846
1480,26.0,478.672936348484
1481,26.0,476.5622366618444
1482,26.0,479.21078338924156
1483,26.0,434.6550259412535
1484,26.0,460.49271916004375
1485,26.0,478.70135111142383
1486,26.0,465.92444935871777
1487,26.0,464.68021644833044
1488,26.0,476.8307196949899
1489,26.0,476.71765908149473
149,26.0,476.6280286211994
1490,26.0,463.3469415375673
1491,26.0,477.87040245657954
1492,26.0,481.38639379631826
1493,26.0,476.8282638197021
1494,26.0,475.58504568532555
1495,26.0,476.82567948214574
1496,26.0,475.6358345828935
1497,26.0,481.3574962784603
1498,26.0,481.35782519085416
1499,26.0,476.0986044287762
15,26.0,478.04622240090185
150,26.0,473.9719281304872
1500,26.0,489.6569380852461
1501,26.0,479.5083184531304
1502,26.0,485.5092969019729
1503,26.0,476.10448674183334
1504,26.0,478.05052809086027
1505,26.0,506.2505428512703
1506,26.0,480.0577667690179
1507,26.0,486.2713817241384
1508,26.0,486.33829649065456
1509,26.0,478.8209200543711
151,26.0,486.4855117032491
1510,26.0,476.8309840488629
1511,26.0,478.39829986844614
1512,26.0,476.6364610733433
1513,26.0,477.3040885656345
1514,26.0,480.2723958530014
1515,26.0,478.0679349620923
1516,26.0,480.01057149071374
1517,26.0,480.20768438270954
1518,26.0,478.0641730893206
1519,26.0,480.01139991511
152,26.0,446.4795099957621
1520,26.0,476.840946474704
1521,26.0,466.24253765271726
1522,26.0,451.5627467149984
1523,26.0,476.75670822303834
1524,26.0,476.6286551512105
1525,26.0,477.10802385600186
1526,26.0,434.93987657696727
1527,26.0,476.75673519700655
1528,26.0,476.8007202714254
1529,26.0,476.6770020675005
153,28.0,541.5088233349782
1530,26.0,480.68889259640264
1531,26.0,477.8360159453067
1532,26.0,476.8113919445438
1533,26.0,476.9064165216831
1534,26.0,478.82442385680133
1535,32.0,1176.6817880169576
1536,31.0,1042.1248582145931
1537,27.0,522.0260358896813
1538,27.0,488.64625082015385
1539,26.0,476.92886739266464
154,26.0,477.2673466859248
1540,26.0,476.959214381802
1541,26.0,493.3327720874471
1542,26.0,477.6453314763888
1543,26.0,493.3429906891673
1544,26.0,477.63714985180525
1545,26.0,477.44803845184765
1546,27.0,426.92456908957104
1547,N/A,N/A
1548,N/A,N/A
1549,26.0,477.44478886516265
155,26.0,477.7085826904423
1550,26.0,476.8685128446089
1551,26.0,483.7880931053229
1552,26.0,476.956597594164
1553,26.0,453.02376229807527
1554,26.0,455.80594969630783
1555,30.0,559.3869354562314
1556,29.0,580.1520102978043
1557,26.0,479.34749111460235
1558,26.0,472.1818693177188
1559,25.0,439.04727186007517
156,26.0,508.5794121907059
1560,26.0,483.8905369367229
1561,26.0,484.1415801939421
1562,26.0,477.64200490379596
1563,26.0,476.9843425278447
1564,26.0,464.04637747572497
1565,26.0,477.8229054507358
1566,26.0,476.7466679119751
1567,26.0,478.5963162813331
1568,26.0,476.6974283622868
1569,26.0,476.6941514260319
157,26.0,476.6003329506594
1570,26.0,476.775468460461
1571,26.0,478.3714203780036
1572,26.0,459.7436850098682
1573,26.0,432.2655851237858
1574,26.0,463.72226590579515
1575,26.0,465.2111290587146
1576,26.0,446.8308522911045
1577,26.0,478.4859211842423
1578,26.0,477.1042218731534
1579,26.0,476.7939186939052
158,26.0,478.1969150061826
1580,26.0,480.5701370333306
1581,26.0,467.4354435848286
1582,29.0,628.2707915399614
1583,26.0,480.6537498033857
1584,26.0,480.6413480920818
1585,27.0,503.09730784271215
1586,27.0,490.28658350992254
1587,26.0,477.2260464130099
1588,26.0,477.2717299590071
1589,26.0,450.42820858463267
159,27.0,491.8318081674903
1590,26.0,478.83357656212854
1591,26.0,478.05083603489527
1592,27.0,485.50166018976955
1593,26.0,478.8377915830058
1594,26.0,478.10796994850506
1595,26.0,477.4416059077664
1596,26.0,478.61651118014805
1597,26.0,477.9002576098876
1598,26.0,478.14508483357406
1599,26.0,476.67629634875914
16,26.0,476.9608672620542
160,25.0,475.42465345430924
1600,26.0,486.6149473600312
1601,26.0,476.71318861211444
1602,26.0,477.53183647956035
1603,26.0,483.58880706516953
1604,26.0,478.5432380981924
1605,26.0,477.88125235353215
1606,27.0,605.645898812428
1607,27.0,494.298334230377
1608,26.0,477.5972799231182
1609,27.0,984.1976594835712
161,28.0,1018.9420859734905
1610,26.0,483.6663259487789
1611,26.0,478.0569488333055
1612,26.0,483.6034333071848
1613,26.0,478.10204971040935
1614,27.0,506.9223786776591
1615,27.0,627.8154987068494
1616,26.0,481.77547323954764
1617,26.0,417.87460835099114
1618,26.0,476.84285622146706
1619,N/A,N/A
162,N/A,N/A
1620,26.0,474.89041096607195
1621,26.0,477.2845037356346
1622,27.0,473.857560806558
1623,26.0,477.39132713623997
1624,27.0,473.8789620276381
1625,26.0,508.6018743345997
1626,27.0,484.4351048928309
1627,26.0,476.4202921700547
1628,25.0,1149.4629985618176
1629,28.0,527.9213706752223
163,26.0,478.23975306264344
1630,27.0,480.49067410312756
1631,25.0,1149.7661225476159
1632,28.0,527.9887436363158
1633,27.0,480.44055181508156
1634,25.0,1150.1173132749668
1635,27.0,480.4405518140343
1636,26.0,461.3909653921724
1637,26.0,468.1710545762106
1638,26.0,478.02091722569287
1639,26.0,479.68181222779987
164,26.0,476.9941061967444
1640,26.0,476.80374644778624
1641,27.0,436.6571432876845
1642,26.0,476.7771936862752
1643,26.0,472.5805488881356
1644,26.0,478.6288377123143
1645,26.0,477.20783612104657
1646,26.0,478.3560321961828
1647,26.0,477.32731778060946
1648,26.0,476.77719368697717
1649,26.0,478.2933086735605
165,26.0,478.2946221734036
1650,26.0,476.73164220973365
1651,26.0,480.4719850873766
1652,26.0,480.19880760051797
1653,N/A,N/A
1654,0.0,0.0
1655,N/A,N/A
1656,26.0,482.57205974167454
1657,26.0,476.8333165181578
1658,26.0,476.57197952667264
1659,26.0,476.71901279891756
166,26.0,476.7346987370887
1660,26.0,479.58308268387674
1661,26.0,474.9480143830042
1662,26.0,462.5006000560182
1663,26.0,476.98576558840375
1664,26.0,479.0926279847258
1665,26.0,477.00295547210055
1666,26.0,477.98424094197054
1667,26.0,494.92571545331793
1668,26.0,455.8941429402312
1669,26.0,476.6695541309412
167,26.0,415.2114853487767
1670,28.0,606.6759155438363
1671,26.0,477.5253207597282
1672,30.0,580.8849755524793
1673,29.0,625.950450372088
1674,29.0,624.9155101320894
1675,26.0,458.3116266461187
1676,26.0,410.898862071886
1677,26.0,476.5797497365648
1678,26.0,476.5958228344341
1679,26.0,464.15619107832146
168,26.0,476.6544869189838
1680,26.0,477.00391414788487
1681,26.0,476.5799374589083
1682,26.0,476.57763785225075
1683,26.0,460.0178795800158
1684,26.0,452.0239607188073
1685,26.0,476.56171016277574
1686,26.0,476.52512093125654
1687,26.0,469.2224794828038
1688,27.0,486.0996731058246
1689,26.0,484.86184707444886
169,26.0,480.34340983054125
1690,27.0,478.45788467647486
1691,27.0,510.5178832836666
1692,26.0,478.71723736776005
1693,26.0,484.24721617268847
1694,27.0,511.21587972567653
1695,26.0,484.2281165444699
1696,26.0,482.34667063370375
1697,27.0,502.02062330421404
1698,26.0,484.21980248444817
1699,26.0,481.08013283252853
17,27.0,501.6952037545497
170,26.0,475.71738070577373
1700,27.0,539.1425175679594
1701,27.0,517.9460759539528
1702,26.0,471.4099667146834
1703,26.0,461.25736233209966
1704,26.0,477.75961918732236
1705,26.0,478.62837467948395
1706,26.0,478.50106258814617
1707,26.0,482.2912586019387
1708,25.0,686.2151821922242
1709,26.0,484.9604197404488
171,26.0,453.1598424920544
1710,26.0,474.7025803405071
1711,26.0,476.6431786731478
1712,26.0,476.6408746483137
1713,26.0,476.6865459455922
1714,26.0,457.2330083072144
1715,27.0,478.5750142998395
1716,27.0,517.6188126146076
1717,26.0,464.88443316408245
1718,27.0,675.1842398271513
1719,26.0,478.70737421005134
172,26.0,476.9568674032443
1720,26.0,479.4766435467863
1721,26.0,454.875338750826
1722,26.0,473.4304383828108
1723,N/A,N/A
1724,N/A,N/A
1725,26.0,478.33959277391716
1726,26.0,464.7985933485953
1727,26.0,478.291765874232
1728,26.0,477.59975258664656
1729,26.0,476.86347840372673
173,26.0,469.52272235488374
1730,26.0,477.63706523976737
1731,26.0,476.03587657062076
1732,26.0,480.9088025358854
1733,26.0,479.9679877433318
1734,28.0,559.628627100918
1735,26.0,500.8185056533048
1736,26.0,479.96798774348593
1737,28.0,559.628627100945
1738,26.0,495.820541404299
1739,26.0,476.985762342202
174,26.0,479.3449947415148
1740,26.0,478.97772342580186
1741,26.0,481.8468871586798
1742,26.0,457.24564481226093
1743,26.0,477.007962118785
1744,25.0,698.7243869400593
1745,27.0,488.0899777117733
1746,26.0,476.57652478506975
1747,26.0,477.0823807065866
1748,26.0,476.5855309991738
1749,26.0,476.5760048847252
175,26.0,478.18504925777603
1750,26.0,463.78503005047895
1751,26.0,465.57677628367634
1752,26.0,434.80546352369595
1753,26.0,482.6286421465569
1754,25.0,1116.235583230763
1755,28.0,494.72933685084956
1756,26.0,476.58810835978727
1757,26.0,476.3891462675362
1758,26.0,480.0683773449273
1759,26.0,482.5142627739022
176,26.0,480.02701523908
1760,26.0,440.7226982771733
1761,26.0,477.11987492463504
1762,26.0,477.2115838050368
1763,26.0,477.10139864181497
1764,26.0,477.41061708479026
1765,26.0,479.71968004835077
1766,N/A,N/A
1767,26.0,481.0411070203017
1768,26.0,477.10227060021407
1769,26.0,477.3661316580995
177,26.0,481.178452696517
1770,34.0,2187.1325586242865
1771,26.0,550.8548411466986
1772,34.0,2142.8490009404723
1773,26.0,500.7081587835675
1774,26.0,476.8599099358243
1775,26.0,479.12986960454896
1776,26.0,461.5167502341434
1777,26.0,468.43572387037267
1778,26.0,476.7401674186443
1779,26.0,468.2780281744841
178,27.0,489.40198878042236
1780,26.0,477.3380249677769
1781,26.0,477.3302072978525
1782,26.0,473.9163415206794
1783,26.0,474.6587373300952
1784,26.0,476.16354784782857
1785,27.0,623.4739864148612
1786,27.0,623.4739864148612
1787,27.0,629.2286901711294
1788,27.0,644.1742089086124
1789,26.0,478.1773808397046
179,26.0,478.39970106694557
1790,26.0,476.2778388324111
1791,25.0,488.7204265997068
1792,26.0,480.3878560994038
1793,26.0,476.29057122680274
1794,29.0,551.9404294073249
1795,26.0,477.2641699212353
1796,26.0,477.9170324766715
1797,28.0,491.2340098180867
1798,29.0,498.5408300661336
1799,25.0,1116.049740658354
18,26.0,477.8223044361274
180,26.0,478.0418475856991
1800,26.0,481.4895033758747
1801,26.0,483.7329882927192
1802,26.0,476.78426672199583
1803,26.0,477.3664781557467
1804,26.0,477.92149709875554
1805,26.0,476.9369557558019
1806,30.0,526.5027184145807
1807,26.0,477.7045954062499
1808,26.0,499.28626248031117
1809,26.0,489.9248483902844
181,26.0,499.3061671344366
1810,26.0,476.5693399099506
1811,26.0,476.99633725771383
1812,26.0,476.7428751303329
1813,26.0,477.0777941538105
1814,26.0,488.5183925023799
1815,26.0,477.0192615147068
1816,26.0,475.51610606334725
1817,26.0,493.4391555035462
1818,25.0,469.84089257567007
1819,26.0,484.3816978833858
182,26.0,479.33542108488524
1820,26.0,457.408501061946
1821,26.0,479.10215174235054
1822,26.0,489.49350902175956
1823,26.0,476.64117449171704
1824,26.0,477.5415712503068
1825,26.0,476.9967279459021
1826,26.0,475.6877385370352
1827,26.0,477.20046983993484
1828,26.0,477.3519585237606
1829,26.0,491.1919484897242
183,26.0,459.2013122521148
1830,26.0,478.0921663366695
1831,26.0,477.490440213876
1832,28.0,514.8560520326332
1833,26.0,478.89655864956234
1834,28.0,505.4840886159562
1835,28.0,515.1477215578406
1836,26.0,476.5347494439074
1837,27.0,568.397424265929
1838,26.0,475.05338893950005
1839,27.0,590.590918363122
184,27.0,647.2967366674026
1840,26.0,457.2763456905094
1841,26.0,447.12224871928055
1842,26.0,450.0211907819613
1843,26.0,457.79429016230154
1844,26.0,478.0994266796273
1845,26.0,476.92945290134605
1846,27.0,479.6978630191119
1847,26.0,477.4850962403304
1848,26.0,477.16685054717635
1849,26.0,477.18285676352986
185,26.0,477.2208757564148
1850,26.0,450.79209558650433
1851,26.0,453.1551453235396
1852,26.0,481.7075730972018
1853,26.0,477.41713556237505
1854,26.0,476.73842651366044
1855,26.0,476.7384285806959
1856,36.0,1686.9883487399466
1857,36.0,1686.998441398032
1858,26.0,501.6433783277806
1859,26.0,477.1694445398065
186,26.0,473.39302108542455
1860,26.0,501.64337832711317
1861,26.0,501.64337832711317
1862,26.0,477.19953952897737
1863,26.0,477.34377287660163
1864,26.0,476.8085822546781
1865,27.0,466.5296943354056
1866,28.0,482.6987944240716
1867,26.0,477.340885756009
1868,26.0,476.86450142699135
1869,26.0,474.1319234900778
187,N/A,N/A
1870,N/A,N/A
1871,26.0,476.94437259283563
1872,26.0,477.0304562868568
1873,26.0,473.9202110915765
1874,26.0,441.32435421680213
1875,26.0,424.26172409613207
1876,26.0,480.2198048377279
1877,26.0,477.03684397523716
1878,26.0,477.53915735287234
1879,26.0,478.43761884678827
188,26.0,478.74556217228144
1880,26.0,493.52677215816306
1881,26.0,494.1399832465196
1882,26.0,475.7706574275153
1883,26.0,483.9790434180478
1884,26.0,478.65459863847707
1885,27.0,485.787243102629
1886,26.0,478.6269312921475
1887,27.0,472.27794375440317
1888,26.0,463.99161635466265
1889,26.0,440.60928136324935
189,26.0,455.57446425998853
1890,26.0,448.063571487749
1891,27.0,416.3414541525908
1892,26.0,411.88701130682966
1893,26.0,476.99221858406463
1894,26.0,476.9935283234455
1895,26.0,476.566215270684
1896,26.0,476.566347787589
1897,25.0,547.6726501037951
1898,25.0,529.0298770223628
19,26.0,478.87985753236137
190,26.0,478.88716137652983
1900,26.0,491.81896985958065
1901,26.0,482.18412379889463
1902,26.0,484.59760941805825
1903,26.0,449.80175665756536
1904,26.0,479.3414657617933
1905,26.0,455.69037773925817
1906,26.0,465.9270257893528
1907,26.0,469.63519292205194
1908,26.0,440.650274515452
1909,26.0,479.77872044270254
191,26.0,479.77872044270254
1910,26.0,479.8179804885221
1911,26.0,485.03691991554933
1912,26.0,464.20110180099164
1913,27.0,505.9347844077713
1914,28.0,507.60078935306694
1915,27.0,508.9504328428527
1916,27.0,519.4743541191982
1917,27.0,498.9751806035482
1918,27.0,504.3717631067864
1919,26.0,479.8751048166365
192,26.0,477.4025099980408
1920,27.0,437.10741903097005
1921,26.0,460.33746170824725
1922,26.0,447.7917406032024
1923,26.0,484.1459887349628
1924,26.0,477.6451530463587
1925,26.0,484.14351533877976
1926,26.0,477.64515304686313
1927,26.0,480.928483538314
1928,26.0,476.9716751969017
1929,26.0,477.5883987139689
193,26.0,477.1537697688265
1930,26.0,480.6104959971648
1931,27.0,502.83678757284963
1932,26.0,479.3884160824604
1933,26.0,478.6883565627277
1934,27.0,503.9405359365973
1935,26.0,481.58920624397166
1936,26.0,476.4527672946545
1937,26.0,477.1487619458673
1938,26.0,476.91570365840005
1939,26.0,474.92508641137215
194,26.0,463.94153929213746
1940,26.0,484.88752964344405
1941,26.0,476.6911146324217
1942,25.0,485.06632796801154
1943,25.0,485.06632796801154
1944,25.0,482.7978264636015
1945,26.0,482.5714330892131
1946,26.0,479.71305724539
1947,26.0,479.71305724539
1948,26.0,476.56086038556066
1949,26.0,482.7444604515278
195,26.0,482.57143308944956
1950,26.0,476.67775977833634
1951,26.0,477.4014111902366
1952,26.0,477.2439222333322
1953,26.0,476.61089260366407
1954,26.0,477.41519019658523
1955,26.0,477.41549752541437
1956,26.0,470.1117885208303
1957,26.0,476.0396978925846
1958,26.0,476.6415458705956
1959,26.0,477.545999403337
196,26.0,477.9628993136604
1960,26.0,448.85670790463666
1961,26.0,476.9151667730851
1962,26.0,477.22233043184747
1963,26.0,477.4215423735842
1964,26.0,416.11997881822845
1965,26.0,476.5603432970556
1966,26.0,479.99148874483257
1967,26.0,477.8345363087323
1968,26.0,477.9500395803009
1969,26.0,476.84675269950213
197,26.0,500.9354641860067
1970,26.0,500.9154467486283
1971,26.0,439.9301815165412
1972,26.0,476.7558604969091
1973,26.0,476.8774742659607
1974,26.0,476.5972889682356
1975,26.0,477.03450101183
198,26.0,476.5837875609534
199,26.0,476.5698742245878
2,26.0,478.16687248332477
20,26.0,478.0205323619267
200,26.0,485.3481984710937
201,26.0,436.9754853590928
202,26.0,480.8371992378317
203,26.0,434.8211248468089
204,26.0,482.0258989429873
205,26.0,482.495268462211
206,26.0,483.81419634955256
207,26.0,482.0398659701939
208,26.0,482.51023747410466
209,26.0,483.81419634915085
21,28.0,725.8062462010928
210,28.0,730.0355176602184
211,28.0,769.4755091833395
212,28.0,746.529576433089
213,28.0,727.424064922583
214,27.0,659.1948716376114
215,26.0,476.2121324499523
216,26.0,476.9439256034927
217,26.0,447.60455318348346
218,26.0,455.9631339540447
219,26.0,477.1400200530435
22,26.0,479.5920319933189
220,26.0,480.15613124325677
221,26.0,486.0232122885092
222,29.0,603.5554186803113
223,27.0,529.7567745573677
224,26.0,444.4294415202516
225,26.0,477.00841973187903
226,26.0,476.9796063431096
227,26.0,476.8523241660371
228,26.0,476.7893848604473
229,26.0,456.4446915400035
23,26.0,477.48177828629184
230,26.0,476.33076700881736
231,26.0,458.51902250882756
232,26.0,458.1703725066438
233,26.0,456.886967855349
234,26.0,476.6334752804256
235,26.0,476.9939122152257
236,26.0,445.5071595858005
237,26.0,476.8841643452832
238,26.0,476.6291340207563
239,26.0,476.5985721365864
24,N/A,N/A
240,26.0,461.6780404942072
241,26.0,477.49623917677354
242,26.0,476.6675829633205
243,26.0,477.37734427346174
244,26.0,476.66957399919335
245,26.0,477.45248174780403
246,26.0,477.4133043706429
247,26.0,482.86537920302857
248,26.0,449.2677135092797
249,26.0,673.2259579343237
25,26.0,477.69146310863823
250,26.0,441.7638110850496
251,26.0,450.41692374797447
252,26.0,476.73902718897295
253,26.0,457.0731952313875
254,26.0,473.93806429557196
255,26.0,477.3803645424183
256,26.0,465.28668199590174
257,26.0,477.42331367158795
258,26.0,462.56956341902685
259,26.0,446.3111922757107
26,26.0,442.46819244766823
260,26.0,476.64765058251214
261,26.0,477.42709761512674
262,26.0,456.0705091540407
263,26.0,477.8288267861841
264,27.0,560.0263015876989
265,26.0,476.7726184543852
266,26.0,476.74364267656784
267,26.0,478.3016589777388
268,27.0,662.3050140669483
269,26.0,478.1738761532351
27,26.0,477.9736475690116
270,26.0,460.71841237081924
271,26.0,477.52388286435234
272,26.0,455.1542526423758
273,26.0,440.43140217532164
274,26.0,448.69728969359664
275,26.0,476.5603086719625
276,26.0,479.10996403164063
277,26.0,480.8162995949764
278,26.0,458.55750449428206
279,26.0,476.82010158113405
28,26.0,473.03148167334587
280,26.0,477.3898781689772
281,26.0,477.03926190052215
282,26.0,476.8140514469495
283,26.0,476.5861602503933
284,26.0,476.886583685305
285,26.0,462.19939143056865
286,26.0,478.3538738301919
287,26.0,479.7216276217147
288,26.0,461.1220733021785
289,26.0,483.19585895269364
29,26.0,480.4399268735593
290,26.0,468.76576761568333
291,26.0,479.90268975932247
292,26.0,476.79714151651046
293,26.0,476.67501455343825
294,26.0,461.42606817015604
295,26.0,460.43349608802816
296,26.0,471.8398644904478
297,26.0,481.7360414306925
298,26.0,486.1016818425542
299,26.0,476.5636531774971
3,26.0,463.57122223387347
30,26.0,476.66365053874017
300,26.0,465.6395979918174
301,26.0,452.3194845338726
302,26.0,476.65798503681674
303,26.0,470.0589359261598
304,28.0,490.6966489211658
305,28.0,490.69884133393083
306,28.0,493.41313021749636
307,26.0,478.0409746678358
308,25.0,469.6593501805469
309,26.0,452.60122383588305
31,24.0,455.2969386953129
310,26.0,476.7371735247342
311,26.0,477.1338044612142
312,26.0,476.3967308169051
313,26.0,477.6377248293059
314,26.0,480.979923270695
315,26.0,451.12743244188005
316,28.0,486.8106121478257
317,27.0,471.7933029123544
318,28.0,482.57681453987783
319,26.0,478.40608512401695
32,27.0,518.3573874254765
320,26.0,476.59903320086056
321,26.0,477.0328786764943
322,26.0,495.52197586142745
323,26.0,489.2027578287443
324,26.0,491.857961418342
325,26.0,479.80624753773765
326,26.0,479.80624753773765
327,26.0,479.7984227436326
328,26.0,479.7984356042143
329,26.0,476.63861486091014
33,26.0,477.0426960216227
330,26.0,474.2271271586926
331,26.0,473.1949470463697
332,26.0,472.131913591984
333,26.0,474.3885696689145
334,26.0,476.56131795491285
335,26.0,476.98081372365994
336,26.0,477.8138921409327
337,26.0,442.2346205410183
338,26.0,477.36999424709325
339,26.0,477.1094872556996
34,26.0,481.51561442006823
340,26.0,478.85731512123175
341,26.0,477.1895954536487
342,26.0,477.0902897405929
343,26.0,476.5848410577055
344,26.0,476.91707088825854
345,26.0,431.1284546813006
346,26.0,455.70125045534087
347,26.0,479.0437585592953
348,26.0,483.0167932557431
349,26.0,487.2555318837115
35,26.0,476.9448206953118
350,26.0,477.1756313594019
351,26.0,482.52107324806184
352,26.0,477.7316923300152
353,26.0,480.1458497881523
354,26.0,480.13787074572247
355,26.0,479.55684793991855
356,28.0,536.3025165568675
357,26.0,478.33924212508936
358,27.0,467.2457986469037
359,27.0,457.88902986965195
36,26.0,479.15628745302143
360,27.0,472.15682879737585
361,27.0,468.33027841563074
362,26.0,478.8571846952344
363,26.0,476.69961947235043
364,26.0,477.8424801314899
365,26.0,482.5193058426242
366,26.0,476.86335226952724
367,26.0,476.82877455191425
368,26.0,481.6556100959622
369,26.0,460.2994681544761
37,26.0,465.77250005958433
370,26.0,456.4280814738472
371,26.0,476.90216968528415
372,26.0,476.6457412065565
373,26.0,474.768007215677
374,26.0,493.0894537018129
375,26.0,479.37101746837453
376,26.0,519.0817316665498
377,26.0,459.9482334397489
378,26.0,478.28529653817856
379,26.0,476.8681476454842
38,26.0,478.03667727320277
380,26.0,477.8594410461365
381,26.0,476.861362166019
382,26.0,457.3333948773453
383,26.0,477.81477526540095
384,26.0,397.8105030829163
385,26.0,478.26203591265295
386,26.0,477.0872217095142
387,26.0,476.7555557687414
388,26.0,492.10526524230727
389,26.0,479.8552713521646
39,26.0,488.5239689539869
390,26.0,476.7514586240372
391,26.0,492.1508617196421
392,26.0,488.56905453775704
393,26.0,477.09664480104055
394,26.0,476.657644464026
395,26.0,451.0861970079808
396,26.0,479.03491052207556
397,26.0,476.6520856740556
398,26.0,450.56238164217746
399,26.0,476.6670626964726
4,26.0,459.6721587582324
40,26.0,476.6670626970616
400,26.0,473.077247989832
401,26.0,479.2816733987903
402,27.0,515.6813569989577
403,26.0,476.98730839366993
404,26.0,477.356175462407
405,26.0,474.4634907441331
406,28.0,513.386598243966
407,26.0,503.6075339176138
408,26.0,488.67087545900745
409,27.0,437.12575292307844
41,26.0,452.17004814833274
410,26.0,477.2569598163143
411,26.0,447.87681002476074
412,26.0,476.865730721647
413,26.0,483.797122517199
414,26.0,476.8413965809291
415,26.0,476.83854051166105
416,27.0,510.2054359600968
417,26.0,477.2982824351662
418,26.0,447.63903829541226
419,26.0,478.9361303769189
42,26.0,477.6226975994029
420,26.0,484.68418890747176
421,26.0,458.93372141161683
422,26.0,476.04234811338523
423,26.0,471.6229285855982
424,26.0,478.8546888682768
425,27.0,496.1408409995931
426,26.0,497.05003071473226
427,26.0,476.6605407046295
428,26.0,476.7202394143424
429,26.0,497.0500307147244
43,26.0,476.720239413821
430,26.0,497.05003071502324
431,26.0,476.56030867207687
432,26.0,476.66774421203553
433,26.0,479.4941586513969
434,26.0,439.2454439872173
435,26.0,476.94117245752443
436,26.0,439.13063564131625
437,26.0,476.94375775488453
438,26.0,476.95880514017085
439,26.0,481.441411736799
44,26.0,477.18114442232115
440,26.0,445.3945718884756
441,26.0,486.12795161124427
442,26.0,488.6308375881019
443,26.0,458.42080570567464
444,26.0,464.57940778702823
445,26.0,476.6832545930996
446,26.0,477.04512661622795
447,26.0,476.91263103480543
448,26.0,486.2900554217185
449,26.0,477.04749187378866
45,26.0,476.8930803376221
450,26.0,476.9634629946467
451,26.0,478.62577033042464
452,26.0,440.61652924311477
453,26.0,429.9241637418661
454,26.0,478.79185544366123
455,26.0,476.79910079369483
456,26.0,479.3527908239306
457,26.0,476.74693857331863
458,26.0,477.19441205395077
459,27.0,568.1344152742797
46,27.0,571.8189641990077
460,26.0,477.76686927152247
461,26.0,469.04639265078356
462,26.0,502.03662013559705
463,26.0,502.3375476414586
464,26.0,502.03662013550087
465,26.0,502.03648447121464
466,27.0,494.0558865797757
467,26.0,463.51712340521124
468,26.0,481.91471869341103
469,26.0,476.90001619296663
47,26.0,481.8469493909878
470,26.0,476.9002700976407
471,26.0,481.9147186925304
472,26.0,481.91471869304104
473,26.0,458.6788536112357
474,26.0,441.031068361252
475,26.0,478.02511281814304
476,26.0,486.2323002044909
477,26.0,476.88307227818376
478,26.0,440.5070853868116
479,26.0,478.9978498772124
48,26.0,476.78377951440154
480,26.0,477.75008657370785
481,26.0,477.0122424061641
482,26.0,476.8673813798197
483,26.0,476.76929877190656
484,26.0,478.6195297899908
485,26.0,476.78390561746124
486,27.0,622.7962416483132
487,26.0,482.1804415350128
488,27.0,486.6748414433482
489,27.0,622.796241647713
49,26.0,482.1978089770142
490,26.0,482.2411016897276
491,27.0,634.1923112092228
492,27.0,622.4286246933248
493,26.0,495.5161882844372
494,26.0,483.1755055637001
495,27.0,477.7521851230639
496,26.0,478.95726353396077
497,27.0,489.1434355380197
498,26.0,477.9987715152677
499,26.0,476.48075286041785
5,28.0,503.8995281273493
50,26.0,476.6445137424165
500,26.0,478.18642198516784
501,26.0,477.023060650625
502,26.0,477.3398312826803
503,26.0,477.3641734548183
504,26.0,476.8101798478158
505,26.0,476.5627125408468
506,26.0,481.4732917993148
507,26.0,475.33964528176
508,26.0,470.23856241509145
509,26.0,466.4534047101512
51,26.0,476.9221928518258
510,26.0,477.4622730868264
511,26.0,477.1438511768905
512,26.0,478.40116931307784
513,26.0,476.94376151621555
514,26.0,477.49181992140063
515,26.0,455.74994820826055
516,26.0,491.9204798241201
517,26.0,492.81569149963616
518,26.0,487.6411690333824
519,26.0,471.877532898599
52,26.0,476.67170419430374
520,26.0,466.3131919137747
521,26.0,478.29075180704484
522,25.0,447.2135869448832
523,26.0,469.0833168774777
524,26.0,472.9927290379849
525,26.0,477.4264363238136
526,26.0,477.4081406583254
527,26.0,497.50490270302316
528,26.0,504.12715050713075
529,27.0,499.274986031871
53,27.0,485.61405438377295
530,26.0,477.1773974975992
531,26.0,478.28249094004485
532,25.0,798.51030026938
533,31.0,1364.0845042202309
534,25.0,798.7266100196389
535,26.0,450.98421616771964
536,26.0,455.4579664543491
537,26.0,477.38762081965893
538,26.0,476.8927331957326
539,26.0,476.3367268472979
54,26.0,487.2030716664713
540,26.0,444.48934076165824
541,26.0,480.2086821438268
542,24.0,456.62811574961006
543,26.0,477.01496164526145
544,N/A,N/A
545,26.0,477.33688822978365
546,27.0,489.74695729735595
547,26.0,443.5729624762554
548,26.0,477.00690499974354
549,26.0,476.8819661996803
55,26.0,468.07068069482114
550,N/A,N/A
551,26.0,472.23019593358845
552,26.0,476.53731836494325
553,26.0,476.99502911259805
554,25.0,619.4334460138851
555,26.0,544.7975564655245
556,26.0,493.65312637961597
557,25.0,504.4899781152445
558,26.0,478.23133703828734
559,26.0,499.11684683602084
56,26.0,479.198937887968
560,26.0,455.8550424914775
561,26.0,477.4359879608181
562,26.0,448.4579006594538
563,26.0,478.03519009224027
564,26.0,485.3520829646878
565,26.0,406.1416917424259
566,26.0,478.8695418673731
567,29.0,536.2983158629772
568,27.0,503.4166172668997
569,29.0,536.2983158631928
57,27.0,503.4166172672493
570,26.0,477.9949009840768
571,26.0,475.90094484838534
572,26.0,470.73492774726463
573,26.0,478.8985775911812
574,26.0,485.2494469831401
575,26.0,477.32258408319876
576,26.0,473.80526999167506
577,26.0,476.0611836736624
578,26.0,485.3470490951615
579,26.0,476.6237886102318
58,26.0,462.04020178748027
580,26.0,460.6225243514535
581,26.0,457.736680988642
582,25.0,1117.3500099281637
583,29.0,497.58956651201675
584,26.0,478.3773765131623
585,27.0,480.174161462201
586,26.0,484.2998117647136
587,26.0,476.6040728651867
588,27.0,533.9144430662996
589,26.0,468.7533079484169
59,26.0,459.853345081078
590,26.0,477.6765483040753
591,26.0,477.4484067818743
592,26.0,467.9143488561584
593,26.0,477.8411853840268
594,26.0,440.0684404359836
595,26.0,477.2056729754113
596,26.0,478.46896151533554
597,26.0,478.4602146501096
598,26.0,499.14796061836
599,26.0,476.5603086722923
6,26.0,476.563161941139
60,26.0,476.60661598914356
600,26.0,477.2889015940751
601,26.0,478.1042964008455
602,26.0,477.76573948319214
603,26.0,480.8722882806504
604,26.0,477.5191612185249
605,27.0,588.5856309706196
606,26.0,842.20380445927
607,26.0,476.59915646119333
608,26.0,473.94422030036515
609,26.0,481.4367707956882
61,26.0,429.41465869896024
610,26.0,477.0412166670686
611,26.0,479.13679711561133
612,26.0,476.5676021617252
613,26.0,476.5676021617252
614,33.0,1474.5134804285376
615,33.0,1523.2697862943287
616,26.0,477.06612014892926
617,26.0,447.5646605317005
618,26.0,476.59485853566343
619,26.0,477.0320272243074
62,26.0,477.0353253550146
620,26.0,477.0032777694523
621,26.0,482.0560215538784
622,26.0,477.32682046070045
623,26.0,476.991960495042
624,26.0,476.8937091774246
625,26.0,476.9377703331097
626,26.0,454.9298091541525
627,28.0,486.53699260536496
628,28.0,486.574006800195
629,26.0,477.4410459636864
63,26.0,476.9636675140064
630,26.0,495.84232711551573
631,26.0,469.61475264963815
632,26.0,476.9059546767779
633,26.0,476.79035861948296
634,26.0,476.2133980788691
635,26.0,476.00663933483565
636,27.0,493.0189660945084
637,26.0,463.2327332733714
638,26.0,477.0909414414301
639,26.0,438.80858436219137
64,26.0,476.5616255647715
640,26.0,476.7574027279985
641,26.0,459.5036676017369
642,26.0,460.0085432849807
643,N/A,N/A
644,26.0,478.0230876738084
645,28.0,565.3035984226759
646,N/A,N/A
647,N/A,N/A
648,26.0,471.8256154111678
649,26.0,475.7406154997104
65,27.0,537.9872749958242
650,27.0,547.6465466695936
651,32.0,1844.511413736179
652,32.0,1844.5001598788454
653,26.0,478.8869940678724
654,26.0,463.33090191587996
655,26.0,476.70748161786094
656,26.0,474.5121595907391
657,26.0,477.4507659712309
658,26.0,453.40411906269867
659,26.0,476.25373049235094
66,26.0,476.77165869535474
660,26.0,446.62951352512925
661,26.0,474.1196298327649
662,26.0,474.50295423647725
663,26.0,477.5453733214329
664,26.0,474.1475608746854
665,26.0,477.51963979003233
666,26.0,479.2800268796763
667,26.0,477.05616590338815
668,26.0,478.9949383194345
669,26.0,478.27364388095714
67,26.0,479.1017529797779
670,26.0,478.435876154561
671,26.0,475.4775079132609
672,26.0,477.4531477292975
673,26.0,477.2045818291738
674,26.0,477.3448492820192
675,26.0,477.2038160141569
676,26.0,477.44590244269807
677,26.0,476.7528622530588
678,26.0,476.8788263195371
679,26.0,476.66002403290975
68,27.0,478.7706284226864
680,27.0,476.46614737334784
681,26.0,476.55853614714033
682,26.0,477.45924698166584
683,26.0,476.7078755247651
684,26.0,477.2585550638254
685,26.0,477.29698876075065
686,26.0,476.7317356192374
687,26.0,476.96924187395183
688,26.0,478.72644572855205
689,26.0,477.72597530226756
69,26.0,472.0256436294892
690,26.0,476.9026792947944
691,26.0,476.8059671051826
692,26.0,477.1059686998336
693,26.0,477.26424645531824
694,26.0,477.09806472497894
695,26.0,465.40774115772774
696,26.0,470.42044668614494
697,26.0,412.8687909454196
698,26.0,476.6407198921687
699,26.0,448.21782985966786
7,26.0,478.04780221727844
70,27.0,479.1148476222299
700,28.0,422.0212734569284
701,26.0,478.71020067002087
702,26.0,479.66546948486456
703,26.0,477.47771549948595
704,27.0,525.8195947353939
705,27.0,525.8269627887748
706,26.0,477.40156766992936
707,27.0,525.8314650158221
708,27.0,484.70715787928907
709,26.0,474.200050802334
71,26.0,476.76251939207776
710,26.0,476.8021916266242
711,26.0,486.9380359088443
712,26.0,486.8538979188554
713,26.0,476.92106653289954
714,26.0,474.32849094048663
715,26.0,482.9013925980503
716,26.0,482.0921767161359
717,28.0,490.17463326263504
718,28.0,491.2362816794208
719,28.0,490.1770767236143
72,26.0,468.2521172807649
720,26.0,478.02940677313376
721,26.0,477.73275983255996
722,26.0,476.69219685022404
723,26.0,481.50218886531593
724,26.0,464.48444641912045
725,26.0,491.8044893957746
726,26.0,492.5955102540088
727,26.0,481.49843834242165
728,26.0,458.36850109371966
729,26.0,450.78062734393086
73,26.0,465.66427177884293
730,26.0,477.89612459975854
731,26.0,480.55878894983863
732,26.0,480.62074759768814
733,26.0,477.7550760516182
734,25.0,493.0960758450748
735,26.0,460.99676366832267
736,26.0,456.5570401108782
737,27.0,478.12099117534024
738,28.0,494.06865175522523
739,26.0,478.28728553360037
74,26.0,477.9831726444608
740,26.0,477.7411810653275
741,26.0,477.8963443659263
742,26.0,475.7671722821729
743,26.0,477.1102456903731
744,26.0,476.6435770621268
745,26.0,484.09930986316175
746,26.0,490.33796181084693
747,26.0,484.1235291349945
748,26.0,490.4730955448085
749,26.0,479.82018185204873
75,26.0,519.1862691118893
750,26.0,479.7553208422974
751,26.0,479.59788407105214
752,26.0,486.89396125479
753,27.0,480.1104769572598
754,27.0,473.354790918291
755,26.0,470.5338001195672
756,27.0,525.8565769142638
757,26.0,478.00689270966853
758,26.0,477.0424796466478
759,26.0,466.32516330586463
76,26.0,477.0134979513458
760,26.0,477.00987025163886
761,26.0,489.14183349178103
762,26.0,476.90061070200164
763,27.0,493.8399630599468
764,26.0,483.33068024827395
765,26.0,474.314832140019
766,26.0,476.58207786253394
767,26.0,476.56845385144806
768,26.0,476.56845385144806
769,26.0,477.0437859659238
77,26.0,477.5750098180043
770,26.0,478.54411956670236
771,26.0,466.4644455479945
772,26.0,480.2546611536121
773,27.0,515.234317954895
774,26.0,479.8979409898725
775,26.0,478.27105856955524
776,26.0,476.8055986829828
777,26.0,476.6668900040296
778,26.0,476.3549090107379
779,26.0,472.74432165318933
78,26.0,473.9611481872108
780,25.0,570.8869030823789
781,25.0,570.8869030823789
782,26.0,474.4613787032746
783,26.0,473.1519207992929
784,26.0,453.54406267593197
785,26.0,477.1972394819934
786,25.0,494.15063715139775
787,27.0,480.43517874040293
788,26.0,450.13710539992053
789,26.0,477.8770504435299
79,27.0,509.5373769637233
790,26.0,480.4972843087035
791,26.0,446.3334252748448
792,26.0,462.903540362718
793,26.0,477.0558518315768
794,26.0,452.47576244258374
795,26.0,478.14945246630646
796,26.0,476.6150014073312
797,26.0,476.6126349689945
798,26.0,480.194729181223
799,26.0,481.47812399206214
8,26.0,478.87750384308265
80,26.0,477.08721294715883
800,26.0,476.8723722076215
801,26.0,479.47937944339174
802,26.0,477.1961654299012
803,26.0,477.82906836060954
804,27.0,463.2901506497911
805,26.0,445.9480046784507
806,28.0,512.8693636055575
807,26.0,470.17725564297797
808,30.0,1456.0429503999421
809,30.0,1461.5346592715164
81,26.0,478.9037373076774
810,27.0,482.26818154534755
811,26.0,476.9526257565464
812,26.0,477.14823352927056
813,26.0,477.36397531448034
814,28.0,498.8463270075864
815,26.0,476.5437690980406
816,26.0,476.59076966044745
817,26.0,476.59076966044745
818,26.0,476.6401350857515
819,26.0,455.81612191449733
82,26.0,426.94426517409585
820,26.0,477.58928605307364
821,26.0,430.1277800688362
822,26.0,462.6993781747293
823,26.0,461.5998526286724
824,26.0,496.71925814115565
825,26.0,478.4541275134108
826,29.0,589.0056103566354
827,26.0,488.6512824533446
828,26.0,479.74327639107315
829,26.0,488.64471829903425
83,26.0,488.6512824536275
830,26.0,478.57946571215
831,26.0,478.6124244204186
832,26.0,487.38777570165416
833,26.0,476.70143757376434
834,27.0,518.7217513247933
835,26.0,476.93740097224475
836,26.0,477.32886311155585
837,26.0,478.82444133222725
838,28.0,644.2884008399443
839,28.0,644.3300219045987
84,26.0,471.6998740890401
840,28.0,527.4210423572774
841,28.0,527.2373556113436
842,26.0,483.03789739621544
843,26.0,483.0384469540553
844,26.0,483.0169839326302
845,27.0,497.83140138968093
846,26.0,483.0169839325815
847,26.0,482.18331471738566
848,26.0,486.27283267454106
849,26.0,486.27283267454106
85,27.0,522.7365115867851
850,27.0,522.5649053285733
851,N/A,N/A
852,26.0,476.6142302172681
853,26.0,476.5866363797895
854,26.0,449.86910603483636
855,26.0,477.4957679079218
856,26.0,470.32187540877385
857,25.0,1117.5652866629
858,26.0,446.95302395306317
859,26.0,475.04234884193477
86,29.0,499.71113995037626
860,26.0,477.5063063021844
861,26.0,388.5310482244576
862,27.0,601.8348182500231
863,27.0,535.2460236919142
864,26.0,476.86196171043156
865,26.0,447.10253709706564
866,26.0,476.7044294413695
867,26.0,476.860644753146
868,26.0,478.16816513373385
869,26.0,478.9632282450176
87,26.0,477.3232423951617
870,26.0,476.9596613591815
871,26.0,480.20256759889605
872,26.0,476.76676347341345
873,26.0,477.47606871939496
874,26.0,476.8189321982556
875,28.0,498.84822822530947
876,26.0,443.98097546956325
877,26.0,396.9152412190533
878,26.0,476.6396647935252
879,26.0,480.64847727053495
88,N/A,N/A
880,26.0,476.7585318938716
881,26.0,475.4440774512145
882,26.0,476.79686110136043
883,26.0,451.0023670307637
884,26.0,476.63455512771367
885,26.0,419.61982051718746
886,26.0,474.77881735835246
887,26.0,440.78137357750995
888,26.0,476.9158994182318
889,26.0,483.10655497441985
89,26.0,477.0329117637941
890,26.0,476.68076706434437
891,26.0,476.9807982745934
892,26.0,477.0353627426091
893,26.0,477.01476674896537
894,26.0,498.31842836583485
895,26.0,498.31842836583485
896,26.0,492.7401194308983
897,26.0,481.1531752603887
898,26.0,474.7919580906166
899,26.0,504.4932165754529
9,26.0,487.2564722774548
90,26.0,496.78176846998525
900,26.0,480.2605283907335
901,26.0,480.161853386354
902,26.0,479.448668604098
903,26.0,479.23304492826884
904,26.0,480.95146629348193
905,27.0,483.60793529252254
906,27.0,483.37129578139843
907,26.0,481.8063906304788
908,27.0,480.1173886103038
909,27.0,480.417438344344
91,26.0,477.0035525077607
910,26.0,477.1787031760525
911,26.0,480.22899724008886
912,26.0,479.63182322269614
913,26.0,479.3299579567449
914,26.0,479.4808715344612
915,26.0,477.51053430486036
916,26.0,477.43427243767655
917,26.0,477.08799609165135
918,26.0,477.81015390590244
919,26.0,476.7715059299808
92,26.0,478.99627078356906
920,26.0,477.3816782661671
921,26.0,477.2822112029594
922,26.0,483.19290292916435
923,26.0,478.92050944313826
924,26.0,480.49719275424786
925,28.0,503.3836087076917
926,26.0,477.56845373647093
927,26.0,478.1126493277669
928,26.0,477.7806230695861
929,26.0,476.5111379692937
93,27.0,501.6662131600201
930,26.0,479.15268606034476
931,26.0,478.04041862822623
932,26.0,478.17290075883784
933,26.0,480.62616674006256
934,26.0,478.79492283064116
935,26.0,480.57919376514025
936,26.0,480.6518081401107
937,26.0,476.0672243835111
938,26.0,475.7418483532225
939,26.0,479.5309018758058
94,26.0,478.94417199426397
940,26.0,479.10711077029043
941,26.0,479.431448986031
942,26.0,479.37395405640723
943,27.0,456.50236682465555
944,27.0,456.6899063746191
945,26.0,485.23807674487307
946,26.0,479.31852429415585
947,24.0,459.2383237446195
948,26.0,482.6598247906727
949,26.0,477.63442017919834
95,25.0,474.9529499086297
950,26.0,479.48501896120456
951,26.0,479.36403655268873
952,24.0,459.22553935896434
953,24.0,462.6142055264977
954,24.0,462.1657368418212
955,26.0,477.53193991876987
956,26.0,476.5773930401543
957,26.0,477.60428302531574
958,26.0,477.87190525939496
959,26.0,489.5568067177611
96,26.0,489.81842616112453
960,27.0,482.546892935874
961,27.0,482.77927162131687
962,26.0,478.84234755916077
963,26.0,479.65116378759643
964,26.0,477.9436174015068
965,26.0,477.9650150621542
966,26.0,479.45663570550914
967,26.0,477.9575214228319
968,26.0,477.9072107801074
969,26.0,478.0228796463124
97,26.0,476.5284051666358
970,26.0,477.023110165715
971,N/A,N/A
972,N/A,N/A
973,27.0,510.84361215677905
974,N/A,N/A
975,25.0,413.7205285365752
976,N/A,N/A
977,N/A,N/A
978,N/A,N/A
979,N/A,N/A
98,N/A,N/A
980,26.0,478.5620661716886
981,N/A,N/A
982,26.0,459.9127277795618
983,27.0,396.13851915974413
984,26.0,504.4811832903952
985,26.0,431.15391624291544
986,N/A,N/A
987,26.0,476.59675785390095
988,26.0,445.30023375267035
989,N/A,N/A
99,N/A,N/A
990,N/A,N/A
991,N/A,N/A
992,26.0,461.2072965641158
993,N/A,N/A
994,N/A,N/A
995,26.0,459.60023868239284
996,N/A,N/A
997,26.0,404.9157784520631
998,26.0,405.0069163052733
999,N/A,N/A
